<?xml version="1.0" encoding="UTF-8"?><?xml-stylesheet type='text/xsl' href='_UpgradeReport_Files/UpgradeReport.xslt'?><UpgradeLog>
<Properties><Property Name="Solution" Value="NeoComp">
</Property><Property Name="Solution File" Value="C:\Users\unbornchikken\Documents\Visual Studio 10\Projects\Neocomp Framework\NeoComp\NeoComp.sln">
</Property><Property Name="Date" Value="2009. május 18.">
</Property><Property Name="Time" Value="22:43:52">
</Property></Properties><Event ErrorLevel="0" Project="NeoComp" Source="NeoComp.csproj" Description="Project converted successfully">
</Event><Event ErrorLevel="3" Project="NeoComp" Source="NeoComp.csproj" Description="Converted">
</Event><Event ErrorLevel="0" Project="NeoComp" Source="NeoComp.csproj" Description="Scan complete: Upgrade not required for project files.">
</Event><Event ErrorLevel="0" Project="NeoComp" Source="NeoComp.csproj" Description="Created rule set file &quot;C:\Users\unbornchikken\Documents\Visual Studio 10\Projects\Neocomp Framework\NeoComp\Migrated rules for NeoComp.ruleset&quot; for the &quot;Release (Any CPU)&quot; configuration.">
</Event></UpgradeLog>